Molecular_Weight,Solubility,Hydrophobicity,LogP,Toxicity
349.816047538945,0.2666196359547577,0.3355351153623154,3.396244671623601,1
580.2857225639665,0.5877108526405224,0.3222809191647998,4.003738846237725,0
492.797576724562,0.8856512522887674,0.915629122468933,1.3272927040832452,1
439.46339367881467,0.759002397768605,0.3245915798645555,3.161883088074295,0
262.4074561769746,0.8259050330753047,0.3447547535157679,2.9015553174043687,0
262.39780813448107,0.6929050300396457,0.7834584361761673,4.180868846262529,0
223.2334448672798,0.7230489080660673,0.504765858205486,4.539826596358177,1
546.470458309974,0.8642760864087874,0.799039501259663,0.1595681802391953,0
440.4460046972835,0.3247012079732673,0.1588295418079467,3.402697603388084,1
483.2290311184182,0.5404824672788264,0.5388140743060459,0.3539954156866722,0
208.23379771832097,0.299088497637642,0.1302522401649543,2.7894074588790443,1
587.9639408647977,0.9889012071969824,0.156387883109819,1.5094003723140237,0
532.9770563201687,0.949653405717952,0.9157937080099698,1.603205337658492,1
284.9356442713105,0.1354841302316553,0.2253208340058356,1.829496666916547,1
272.72998688284025,0.7350176552641197,0.5791786140476954,3.14433300034309,1
273.3618039413735,0.9327234856740992,0.4699860423406359,1.7368448317769694,1
321.69689718381505,0.2625178106146002,0.4126089936329584,3.6902253478923743,1
409.9025726528952,0.6111507074973666,0.9098500111185452,2.0821841893119615,1
372.7780074568463,0.9239394678292376,0.1196410570979405,0.4349306815187972,0
316.4916560792168,0.1305513807272189,0.6974107175580302,3.9404232281721256,1
444.74115788895176,0.7276782405221559,0.9670549907921954,1.5002157905042597,1
255.79754426081672,0.3676141066352957,0.6041513651156577,2.2205577100363874,1
316.8578594140873,0.9319565758388774,0.9431402158297828,3.4586750277873177,0
346.5447373174767,0.973952420648831,0.1470320913574214,1.729035170028689,0
382.4279936868144,0.9498398402020906,0.4769139871667452,0.3772697151189066,0
514.0703845572054,0.5267927949917174,0.334142011865846,1.9322131303627867,1
279.8695128633439,0.8758383858903821,0.7577388684826568,4.727798055202086,0
405.69377536544465,0.8600944586815633,0.983167381447522,3.2444985467629355,0
436.965827544817,0.38719042591893,0.330877056199823,3.390247828469314,1
218.5801650879991,0.8460239267356096,0.688757141326667,3.1981825528244356,1
443.01794076057536,0.1333068712439433,0.2782878694837661,1.0750614809012404,0
268.2096494749166,0.6366428906338477,0.6087972291144489,2.149835934101173,1
226.0206371941118,0.3070079535589327,0.5175392380195026,3.77960501198026,1
579.5542149013334,0.2085101971995509,0.9748047966683834,0.5967271980104799,1
586.2528132298237,0.1692578814662882,0.6476745454268199,1.4614786028395903,1
523.3589392465844,0.7266598982903257,0.4145557348781369,1.453963631482683,0
321.8455076693483,0.4058874673912596,0.20268620639914,2.21689274521308,1
239.06884560255355,0.7522900943758853,0.2361221458614411,4.903806830616706,0
473.6932106048628,0.1588207067190481,0.3027852369561116,0.4307624787507275,0
376.0609974958405,0.3837613040475492,0.3258699952062682,2.6416348724649157,0
248.81529393791152,0.5855421631378035,0.865554452057024,0.9788869418598312,0
398.0707640445081,0.8116508483550672,0.6051005094542724,4.856315072507746,1
213.75540844608736,0.3868772526388629,0.5710518202369298,0.6551871731645746,1
563.7281608315128,0.6633022387933082,0.2032919846822957,2.0776449115717974,1
303.5119926400068,0.8973799734125684,0.8741257240144915,3.71563642568957,0
465.0089137415928,0.6542768693640741,0.7505328728876354,3.5523166973344824,0
324.6844304357644,0.3096635272782704,0.1609015257100014,2.171370320780268,0
408.0272084711243,0.1219607034008842,0.7370515875067918,1.7979684229683195,1
418.68411173731187,0.8830889865108369,0.5891843956083814,2.048300654909066,0
273.9417822102108,0.1191424697653484,0.1735528111721004,1.394953689477333,1
587.8338511058234,0.8872315054157794,0.5124705773757908,1.1061313996633193,1
510.05312934444584,0.5760434206244908,0.5362266584170423,2.4668945180385613,1
575.7995766256756,0.9451609286616064,0.2491970861469482,1.415815404731276,1
557.9309401710595,0.8189049121962988,0.951128332300254,1.5085621579965258,0
439.1599915244341,0.9981406994800036,0.8649778343325958,3.31810471102533,1
568.7496940092467,0.4156406339065391,0.7021201035961975,4.845832925329471,0
235.3970008207678,0.7904694600380142,0.5160660049005465,3.057822282740938,1
278.3931449676581,0.4617378222483179,0.4705889874260577,0.4771993886183348,0
218.09091556421524,0.5318880582735179,0.6858761204358588,0.4703597078849282,0
330.13213230530573,0.6647549168965331,0.590888682466215,4.761973782143273,1
355.4709158757928,0.8863094027677049,0.156045795293697,1.556724872505935,1
308.53961270955836,0.9856751222793656,0.5612523838932986,0.5511282318041296,1
531.4950036607718,0.7914460724780664,0.8257632555095555,3.0353184770368697,0
342.70133067743575,0.4759901039506004,0.5133158898372623,3.1558790136223043,1
312.3738038749523,0.4792213020493632,0.1467609197988416,3.277673618581572,1
417.0784332632994,0.7638240714300023,0.8076503794456298,1.4102699365019526,0
256.36968998990505,0.3148994311914721,0.281227403922377,0.1740423526509276,1
520.8787923016159,0.1994267018182552,0.3327587513992349,4.8285753103269125,0
229.82025747190832,0.4191599418766989,0.2482357180890663,1.3293759238864025,1
594.754774640207,0.3585150924886735,0.3971935583843478,3.412528811457483,0
508.89790771866296,0.3666773084103911,0.7810763551197715,3.5624863624056773,0
279.486272613669,0.3102469759449189,0.5674472735535436,3.08903634368948,1
202.20884684944096,0.1378838706727257,0.2843931467356413,1.6332462316468763,0
526.1845713819337,0.1160865412600724,0.8900470703368367,1.4283716434439224,1
482.74293753904686,0.9889501507624284,0.8916236694563763,3.0285745852432457,1
491.60286721639494,0.4849958203622762,0.8835205825414062,4.343868604697288,0
508.5081386743783,0.4458939824437135,0.3149165902433853,4.738995271724638,1
229.61786069363615,0.7116825544237628,0.5061154097628893,0.6189384415784124,0
343.386291417709,0.2964284990785577,0.9864906905267876,0.8586602017288273,0
246.34762381005189,0.9549650655552028,0.7948112286789913,4.72920766803709,0
545.2413703502374,0.8077105129739969,0.1244506791030038,3.709022618840484,0
449.3192507310232,0.1804699020810335,0.1586841321344428,4.426669741665888,0
332.3592099410597,0.4758226982064355,0.5175382391310995,1.0928999072631815,0
225.42334011440943,0.8912064768059482,0.9182981852754042,2.9791707684360693,0
324.3929286862649,0.9502588200622692,0.5848316181574428,3.535584012645621,0
330.07332881069885,0.5206613601248827,0.5480312572308612,3.4325482386901665,1
491.8424713352256,0.6520702502896369,0.1949263299609675,2.099943285246821,1
455.0229885420853,0.2503305514828677,0.6911020942518646,0.1754349692874115,0
554.8850970305307,0.9920517635232788,0.839892844540203,2.9563376783408897,1
388.8859700647797,0.3085045312450991,0.4423780067568061,1.3401975419800831,1
247.83769837532068,0.948458596721613,0.7980506658327947,2.3062458061001627,1
485.297914889198,0.6846819840931316,0.9680289885107304,4.792146973910705,1
504.31401944675895,0.6469631153909732,0.2833898132149202,2.05527305644793,1
424.5108790277985,0.5614196599148578,0.5709966680752672,4.215027872655691,1
508.3868719818244,0.3076028305459828,0.3584241622761179,1.0238489681713308,0
397.5182385457563,0.2588752288049574,0.8135689771304554,3.3950564403226418,1
409.0931317527976,0.2984375881631578,0.6198340292930418,4.887334076750823,1
371.0164073434198,0.2677944359298291,0.6711241757952734,0.5992761942773903,1
210.16765069763807,0.801626026210078,0.8181227436543047,0.1407677169132408,1
243.15657079732176,0.4151127332500571,0.4563734253962094,2.2245556838998106,0
212.5716742746937,0.1520584089070567,0.9235810615663388,0.5538648669516993,0
454.56416450551217,0.9721923671267302,0.579725980521526,3.767083313413534,0
325.7423924305307,0.8954072964670832,0.2421593405518132,4.5812884528579385,0
403.42827646588114,0.9349770548756916,0.7263092063519222,2.2267027662729184,1
563.0265895704372,0.9954170403817918,0.8139352153944289,1.3676870465616608,0
299.71689165954996,0.2565057242975386,0.385085509360774,2.228576263132388,0
364.1531692142519,0.4566178170123929,0.8714613312988777,3.6448943074650058,0
502.22045541721945,0.7824146281336821,0.9155289292891896,0.1443653917438178,0
291.51926619664897,0.726418556248413,0.349214038640028,2.9883245484750165,1
230.7919639315172,0.2385063157058695,0.9851693254436998,3.1051292559481576,0
315.9005811655072,0.8342498124915559,0.2266403752438825,3.2246724097900845,1
264.4885149016018,0.3019965146529946,0.2818141015622409,1.2859081919062985,0
571.8790609370292,0.3014358533403607,0.2658023553142235,3.5988583445528213,1
523.2481518257669,0.5832769806040722,0.9045907390070834,0.5478182830257045,1
453.36150260416935,0.6336459413575328,0.6888632970924656,1.076424648687324,0
548.5842360750871,0.62207758705403,0.2368938549000456,4.399603228606962,0
521.4688307596458,0.1823381536579794,0.496291076531514,3.719743438560175,0
274.6280235544143,0.8897147763673423,0.6537682225628219,0.1673532146555917,0
557.0235993959911,0.3390400383298355,0.1751176764904449,1.3170436758120212,1
415.7368967662603,0.2165634291545237,0.8941747315666049,1.1505917666665064,1
522.976062065625,0.8998732718820794,0.8232431818973817,1.4269510073811658,0
558.4365199693973,0.960086348406778,0.5546860962189745,1.3130428743714435,0
327.2013899887455,0.8759148555389056,0.9704139537332532,0.4063788491399441,1
244.0207698110707,0.8285644672523903,0.4759848813475897,2.34880853132442,0
291.1740650167767,0.6897177825751195,0.985699287132848,3.6903940264522097,1
370.8431154505025,0.5957716335482254,0.7011279989232644,3.072985451115439,0
527.2059063689973,0.1782880839202691,0.6712041459285473,3.3970711761305914,1
544.2922333025374,0.4676078917636288,0.2493594057662065,0.4976309748275719,1
202.78085221247628,0.4354196653110825,0.8937349824741796,4.762304479866257,1
404.2989210310263,0.3337784053842936,0.4847407191285536,4.2086099858308215,1
366.9644012595116,0.7510781023197265,0.2460100652042314,4.044942560628748,1
288.8431241882921,0.5462881615708938,0.1113467679781831,4.1326206447046605,0
247.94614693347313,0.1729415943168831,0.6037801152745443,4.670281489850531,1
335.0460685614512,0.2981648817548302,0.5746596599104087,2.766844433957119,0
577.1638815650076,0.7149328872936364,0.7474182601322427,1.081381887551367,1
329.28117280830213,0.1685177735412701,0.901232247716022,3.122239678477452,1
407.5162486973464,0.8660862226438918,0.1714659261787265,3.7401193189729014,0
481.2075835580711,0.5456318743125769,0.7583468413063261,3.715795227434725,0
345.4518409517176,0.5325279195939833,0.268670749687824,2.655100218417713,0
588.7128330883843,0.6331670061935658,0.8723593478414475,0.4354477247345325,0
584.9789179768445,0.8422128693326343,0.8371571624754904,1.9184533983076264,1
300.71291833014567,0.4130282871119738,0.58671437948699,4.6117563814704505,0
398.89940235695417,0.7102145373031572,0.7392185187609803,2.963799657811388,1
320.3513239267079,0.6091587675962119,0.3829151018653736,2.737826521952996,0
313.93619775098705,0.3403254431524792,0.5240511090395332,1.4173822204727484,0
214.75477894181313,0.8907669877196421,0.8394732079394245,1.9053997075912368,1
443.82573359195874,0.8176834194462352,0.5133386774558926,4.487195836850529,1
401.07160929154463,0.6926066511925829,0.4220184387928976,3.3656689328814955,0
220.59150049999573,0.8655235561848177,0.5447912025252699,3.958196431086431,1
311.45858569464457,0.8805647808638222,0.8454243271934965,2.3262925730315103,1
563.3063543866615,0.7375266790435313,0.4016872426337855,3.188211375335174,1
295.824756266789,0.8533119955273049,0.2563854338221694,1.317079682841717,1
257.9579488364892,0.7277243155023553,0.7408126182977027,3.556758068389083,1
395.7811041110252,0.7121266945842704,0.8433803914372736,2.195246535146353,1
594.2601816442402,0.6567502403936659,0.19057373067118,2.2684730225922536,1
296.82210860460015,0.7774449756018771,0.3158867014803502,3.2816793904267203,1
468.8542189623514,0.2427445947637663,0.2277747907848945,4.687775045197741,0
504.64784613148703,0.8927836832790356,0.4131472704239499,0.4136310983822425,1
295.0550175969599,0.8846591749707088,0.5053158810148713,4.141241863000337,0
491.2865394447438,0.1263225547311032,0.7739437032669758,1.5326772410197465,1
347.1132530877013,0.8432350755082864,0.6860328263935067,2.2752053270812516,1
452.92233223743176,0.2159828807261006,0.658835710730588,0.2073753109975439,1
453.41188430435784,0.4016069688332278,0.417137451948689,1.575125781388134,1
414.3098736299034,0.769157430662447,0.8573027977762839,2.56289308888764,0
236.11590802176332,0.2446839064434774,0.5241584506583481,0.3752627790024512,0
534.1209982356952,0.836170321707156,0.9811944442136392,2.5063690739775093,1
328.31202598869436,0.8489207601619677,0.6707279244661631,4.642842081406294,0
274.60740415994167,0.5567209603847526,0.2136382674080524,0.6164267687282456,1
216.31005662190557,0.1057472845451502,0.7085598058678906,3.845759567569971,1
436.3571772752967,0.3583343198574215,0.3925936138885291,2.107388161542364,0
471.02574473691294,0.655234226538168,0.7176944770174877,3.3103512011692566,0
206.63513157114247,0.9830675602246812,0.1626770333461651,1.375159330127624,1
404.8372233197124,0.6686321743150015,0.2573932934583635,0.8815120864526557,1
290.5983100791752,0.3338232229577438,0.8701635330152077,0.8862668099290095,0
458.06911616377994,0.6706051327896502,0.3044616013211634,0.4454105336514088,1
269.7465716019966,0.58598684174427,0.853337012718646,1.009668854016091,0
476.3750952409863,0.8018608556360293,0.3513484796089694,3.3546749864459446,1
354.69413852021495,0.1962825749442625,0.6785937190528368,4.42028399803319,1
574.6919954946939,0.7849251122518252,0.7247355161588479,4.089215859396693,0
255.0083776583973,0.5871399208084993,0.5613892778305477,3.457158118384972,0
336.4265404201034,0.9666928034730952,0.3747796090270582,0.6411161307144031,0
245.38940849623563,0.4076849494348175,0.2913799387339865,1.5170184868501544,1
569.8774473114252,0.6693597038205533,0.1298704191061836,1.6180536890800985,1
550.9357413523924,0.9388252949590156,0.3735517611166514,1.3247890373483442,1
303.17665108606224,0.1922587551916113,0.6878465114781547,2.6235277325776436,1
463.9936184136717,0.943505638512806,0.9444743366036344,2.724213692910396,0
526.8888800804864,0.719097150070732,0.8840840340367468,1.8487412783384405,1
422.0803246397849,0.1610533531946547,0.7894582988817723,1.8335668778085368,1
411.8602313424026,0.3708672102521346,0.8096026089279688,4.159922429739798,1
296.7409163601807,0.7373548797807534,0.6984864131283958,3.96753495676646,0
237.2411071223597,0.1606155413218945,0.3342581718094027,1.608199575235654,1
558.8863031813307,0.6239534141586459,0.9164755276352468,4.57756337497897,1
560.1672228653322,0.4112947512576611,0.7036590807152506,4.76879358331228,0
453.24058290930714,0.6588239659907293,0.6043965678823959,1.7010384559472005,1
335.6119164194803,0.1411678304312615,0.1998905222921329,1.836682249085969,1
339.68382984506434,0.8843831255371386,0.5023499894257829,2.5776073517675986,0
490.3822715480958,0.9761400722596572,0.5143224440817337,4.7114919814150005,1
558.8441039810309,0.9719900697571224,0.878107248570403,4.393965222397327,1
554.834569706047,0.7746866485686322,0.5919833981690097,0.60258301665959,1
511.9502183430495,0.2170776161175687,0.4423604940733687,2.0243806420299397,0
456.8126584617151,0.7824368763361204,0.9791202956595934,2.8115188297738825,1
233.65598599801953,0.1221282248129213,0.1996485339936841,2.5653491155025465,1
264.6514856378455,0.1199111963760975,0.4802935854807502,1.0499290328907742,0
559.4216754108318,0.3912491972345872,0.1378222076542647,4.308202178723958,0
442.5716238638359,0.5397788713641992,0.7659137086902373,3.417009836684503,1
203.67882064665187,0.7933666760270138,0.9262688969792356,4.2057510367738375,1
240.58861714641284,0.7149658389458546,0.3520335965954405,4.307944968812413,1
465.40070764322235,0.5013124357390735,0.8725075091192088,3.766943682962125,1
202.02463353848748,0.3462639996534993,0.362996407415708,2.2521319461236153,0
264.32322056699945,0.99741205014194,0.9196931454795236,3.0916790995755807,1
419.4935157466344,0.4835631720123756,0.7785657132371055,0.8857904899867415,0
476.7580790770773,0.506248321896708,0.8244160991572947,3.400862545627048,0
460.7845038010402,0.2472614390725022,0.116205900040409,0.9783409531224756,1
289.7077237842239,0.8153285938749364,0.9665293213666234,3.5003529934997686,1
484.8716885390144,0.7243140032033397,0.754003892863291,1.2250309876944463,0
294.89963499872005,0.2986926515098843,0.37427598584752,0.6760013707360779,0
330.1598792637071,0.1741429410542584,0.8464551983729622,0.9098940017004914,1
498.59656204720966,0.7124493718672418,0.353369078573437,0.1097614625734443,0
459.85315961888585,0.6890600928530217,0.8854784556095151,3.621824127482298,1
539.6893641976712,0.3459335742983884,0.2013223513707433,3.688765140386058,1
463.04515692013734,0.9557772060253692,0.7333173797147162,2.6231734145749717,0
427.32344133418866,0.2359521026028102,0.5866286289804193,0.8906777251713801,0
237.469907131237,0.4891013209383417,0.1868810231758967,0.5094162538023798,1
347.08632122377344,0.949254328150839,0.317704445432955,0.1937319355427063,0
306.08094707269015,0.4777545852335101,0.1111636326495833,0.9121660671295816,1
297.5958573516334,0.6746733528976769,0.5218911689180553,4.465192121417419,1
589.2042219009782,0.4578349581665148,0.3711387346840004,1.2835305243382409,1
357.23908986670415,0.346793682113803,0.6385217358679829,1.835929503364357,0
556.8186220708453,0.9855798831638454,0.3675140269377555,0.6161928739585326,1
452.4554503989051,0.4684006056835387,0.3699272003562862,1.1895703932660346,1
517.9245214166594,0.904689283311221,0.768873878858443,2.6442003968230052,1
401.0548372420768,0.3069591453019775,0.1433285523805181,3.0779881471686976,1
430.7615538505436,0.2917942336225749,0.9126054956727884,1.3022263394144344,1
397.0070775275456,0.1280206745960602,0.8670374869520633,0.3828875802030743,1
278.0971951192178,0.6865001428382965,0.7010242149037659,2.0160610587242536,1
488.9808461046021,0.431673709351385,0.6338994130966459,1.2475965175390376,1
312.30894497634233,0.8779224248556733,0.903072248325687,1.1758142238260296,1
209.72638657258153,0.5258889160224015,0.266797161575843,4.803327733295931,1
458.1889183628671,0.9713740851232496,0.1710722459717457,3.119872381036048,1
270.8442717628196,0.266972964132809,0.3155591529185843,2.82870437154327,0
576.1834337411658,0.8817608511600497,0.8151204508301713,2.1372980072642775,1
581.5714308010349,0.7989371675125676,0.131203240053835,2.201827233807707,1
565.9457560881795,0.7938296601796468,0.6245261515751407,2.750434518806596,1
348.0634801021778,0.8603049053051989,0.9958937645721788,3.5125060544769258,0
206.18264661154697,0.784921591848699,0.8701264844537855,3.540515871290965,1
571.3274250350901,0.6635982894682738,0.5693011201392305,0.9413001477567028,0
371.2736593269257,0.2181203899141488,0.1572768183579781,2.5505524851754724,1
586.6619276174679,0.1292735615421267,0.8482361629471389,2.1185946656671,1
585.4479908357011,0.9287630630341182,0.6390806573594895,4.365582134719983,0
541.203782186944,0.6549852830686642,0.2034396973536101,3.1939527139700448,1
317.77955682783426,0.8168835618785587,0.1844715563410205,2.7092699254383112,0
354.0390914407701,0.533370116361295,0.9186641374929332,0.6654337466766952,0
540.4546686067428,0.205577370066155,0.7022802366442706,3.0676256576847165,1
326.7688020625111,0.2126672129822954,0.84635811938508,0.6742991378331438,1
267.797098674437,0.7170087585060743,0.8910810102540406,1.7523122202721853,1
422.7205049833401,0.4872753054095164,0.61459511684349,0.7999256275902262,1
574.4619096643123,0.280472254030303,0.5657017165795372,3.491160870419408,0
478.4119186699892,0.5424350920672932,0.4873846692888912,1.110635357797148,0
428.024468035746,0.1577880433676207,0.3852519290120073,2.0201109286213277,1
238.8705975083074,0.6237742617229589,0.4911363647728406,4.488806410332016,0
446.0028906796678,0.3420940639915879,0.7964916901571407,1.1011502786549543,0
596.0215400417053,0.8178031905734693,0.6417310879136184,2.588244813398018,1
256.0336060946096,0.3793257630312164,0.9032709609593614,2.154431139713508,0
407.33186094549467,0.5096981341736211,0.4990420129412689,0.1888078011240757,0
550.9492287711821,0.1104584859172905,0.6463806208468786,3.984514756506783,1
496.30744710168176,0.165202199015103,0.6681767977827898,0.4383249409415387,0
478.8062963981072,0.4532442007660163,0.632527446075693,2.423849602787073,1
480.9936335948437,0.5319449512454112,0.7323703957769647,2.847323645200855,0
343.7964604879021,0.6400184933073734,0.3136901215373257,3.1792896374114767,1
317.4367377057973,0.3624963208383729,0.5611273997912116,3.4742949836085906,0
523.7444621914054,0.7254836975138883,0.1938023225275129,1.3410346792613042,0
524.0453578716723,0.8741101574702841,0.4460601948803313,0.1488960056264019,1
546.8289274320415,0.8018658900040149,0.538900361759138,3.644873945539069,1
565.2962210225885,0.1356569428135214,0.6870018335909253,2.724717336803135,1
404.5369595443751,0.5324562525320461,0.9554779473275832,4.196976745715519,1
400.60651787487984,0.1944371605763574,0.6405859598935203,4.124802978213402,0
519.3180715867101,0.3178405142762747,0.7692345245589038,4.232298222160628,0
459.98557231110607,0.9879963339404318,0.5556394535456824,2.476963833899747,0
480.7867509030813,0.2282459886113619,0.6706936282386982,1.734779139600642,1
518.3170677744404,0.5489993381062205,0.163838994520396,3.9786351926977135,0
556.0021367270265,0.6563401608863072,0.3289524227576623,2.3113411538433493,0
335.1980627406143,0.7322184734896936,0.4256677838846249,0.9988667623768293,1
350.23318105597764,0.6036838151382227,0.5252440195058622,4.289372695851224,1
237.5927759363476,0.1087937626772653,0.1410838709521453,4.424543396184502,0
431.3120563984696,0.3938151774195927,0.2260216877979859,2.384917805086834,1
214.37690951869683,0.5659404790462403,0.3491328770121752,0.4709286638179586,0
386.2392072529841,0.17907984923035,0.9743794218109456,2.0003478405929633,0
417.05785388303065,0.4155642380882627,0.3982123063927457,4.037334531366756,1
314.61650085131373,0.1298827979122299,0.5338369523008742,4.518692739876521,0
436.3333042276043,0.1707206474395186,0.2764879414645537,1.0970164382382197,1
212.20009997561976,0.4572309485814364,0.6497020639681914,0.4281706989238305,1
214.93927549968575,0.2194441786387543,0.3526148939643768,4.39901722035091,0
529.0402242638634,0.6107867634354023,0.2862933205945841,2.008084200996489,0
344.0762565645051,0.7205184722235392,0.5649153656013812,2.7546287249110604,0
250.8242050607539,0.8205280291981746,0.1049552192443787,4.843522479048719,1
408.89730402192174,0.2801352198203291,0.1068976293843028,0.426167166779692,0
507.9974212394443,0.2507343240331627,0.297161928191672,3.2767582365152688,1
286.32841099873724,0.1941110563009602,0.133049226250739,0.4631165706168487,1
449.15619032760014,0.672787224589273,0.1972231787176222,1.939797749485852,0
234.1389859975072,0.735828153838211,0.4049745844048764,4.038691271447889,1
220.6726884674431,0.1284275303430778,0.8223271116218316,2.224013940502609,0
412.5418526272592,0.9425910216193208,0.6148437790323708,4.986193534124457,0
416.2540486440426,0.1467741552863251,0.5614009533607748,2.839390496238351,0
454.9719605992826,0.5871667017709634,0.3641399408873095,1.6736945479161722,0
490.43653348906463,0.7381544675058248,0.9385783474895348,1.1785454969332905,0
590.3408317850138,0.883872211371477,0.4573135371134725,1.8175506180021932,0
406.52013932047817,0.742678238919185,0.1783834901161943,1.9254130414217991,0
329.18258917649837,0.8215552747628126,0.6553598645060211,0.4366970208474088,1
518.0744779074814,0.4055051732885254,0.2024545541289412,1.9109135771911887,0
308.3329005048297,0.833342602371861,0.4107008285215229,2.3747687467222023,1
375.5885682822544,0.1721033617462076,0.556670744846028,3.641414985970143,1
231.3825525369064,0.9053349904544749,0.8868002722166582,3.3179744751358795,1
210.140297366183,0.5928331385383626,0.5441919223061068,3.5729517106228563,0
585.05936587117,0.8355679929662443,0.7320328894284979,0.1409820411965998,1
534.3920482048823,0.5070864560664702,0.9935351550991632,1.1665702579446269,1
478.3896824374792,0.6792199256768725,0.2183402079081834,3.342253013159297,0
363.58117776570793,0.5737623948425019,0.3472583729675675,2.471547904080761,0
269.3177280283383,0.7584305695797987,0.4551184680378818,0.1260360307748951,1
262.5748170684344,0.1734669838275306,0.4796453606849482,4.0420237479159296,0
300.0971592658381,0.1543168755915074,0.4699189677389912,3.8867669091226538,0
419.69066588244823,0.3223929106091318,0.9168499023008996,2.787253898668457,0
485.83836908002496,0.2435902121018695,0.7426293800201708,0.4256702963037334,0
464.0789506870925,0.8846052099329815,0.6471146926816334,3.855923742709665,1
311.97355877837714,0.2972925886222399,0.3784354460765039,2.9601965798836836,0
581.9461122652776,0.978278730237218,0.8414113457991652,3.931603888074001,0
495.1587666783074,0.4032062125939961,0.95955446033649,3.7835602627396185,0
421.7416210045603,0.2639061241198294,0.8390784542952039,4.034710152593402,1
444.6882984937409,0.8107286564282312,0.1014085946723256,2.638239525382662,1
367.8400249711159,0.6928369979507885,0.6727612331650663,0.7875901391482235,0
299.092395800463,0.5483761448078251,0.1460218432978906,3.388671619560475,0
342.3890714605046,0.5998271958438681,0.3318464983003497,3.1403215467546564,1
503.1384441857476,0.7472816004450374,0.1535722303129945,3.737040617275527,0
205.7573954519023,0.3056092671981688,0.643415907654449,0.932416929648603,0
246.4290562027665,0.9967005244510676,0.7179309221433461,1.0553784795114174,1
218.4010568087011,0.9773138459321048,0.2030388742593146,4.463006634374709,0
216.29152092758807,0.6852931177122432,0.4454549947404815,3.774891212415147,0
542.1842336044028,0.2795882058362306,0.5106128580599878,4.550319594631582,1
481.46314375200944,0.7122054181881622,0.4321477195848249,3.817705073703212,1
389.6695316349301,0.1649785680812582,0.2089225004366737,3.0260609993524796,0
239.1336642604006,0.1275872519852254,0.4770530111687279,3.3052504114365813,1
396.64635004673295,0.3319145996600923,0.7760602430275763,4.456726827306048,0
389.3887083122263,0.5163606610653847,0.1639068980799299,2.936153097108509,0
269.2807479640061,0.8814452548675424,0.1721620126737131,3.198717489209099,0
373.5406596951892,0.7544521627896772,0.4192941626523858,0.8667359084176429,1
359.40189375894937,0.768435869079983,0.9475531404570324,2.4222139785689034,1
446.3400392208866,0.4829440010032678,0.7017153820506227,3.6103458485946858,0
454.0374603470575,0.4113414932922666,0.7108029610053083,1.4276192217501906,0
218.1216039088178,0.4339348866861424,0.4257279917540785,1.091045484570221,1
349.84504585058846,0.988884607362452,0.6342947120876846,1.6377513602996363,1
450.3439662856946,0.1360982722712342,0.109118065624969,1.283353077164884,1
401.2545034320351,0.8803283465102038,0.672486441768588,1.1530719214783398,0
542.5959364753289,0.6208078677151541,0.9219582528186132,2.181769130053626,1
463.477452647578,0.4947538772706314,0.6513161215103372,4.548408718029317,1
265.1737708325719,0.7527318943736229,0.8863287341197106,2.58459226901972,0
228.2274989601719,0.5380020472822326,0.7515757499194844,1.020809865995083,0
456.96771128252624,0.8860809142734944,0.2085025747633212,0.477161179966283,0
210.6045242166487,0.9106316776101326,0.9122079765572576,3.511165111175834,1
434.3102325093853,0.4795488341861099,0.1597994599201974,1.9757139457383008,0
576.092096569983,0.3491450175115464,0.5805707252929874,4.126971638268261,0
430.1896711503516,0.633115295734026,0.2279234114141119,3.331602766339774,0
355.2679704826088,0.9211270110550218,0.1105359496578136,4.0015831076527055,0
457.3152873769413,0.2895959701050999,0.4798308341148751,1.4325355931503991,1
383.30115619660666,0.6606699252071345,0.3655366368887406,3.492558720059185,0
418.2467157263739,0.6684041980832685,0.5374004444178427,1.393903724999222,1
576.5859235106101,0.7598017201737529,0.6194798980610957,4.701435549306429,1
354.44105512030967,0.2184109166145338,0.1393651650780526,3.218233979513535,1
584.4762255295657,0.7442424682138797,0.210702965611371,1.6901078208591764,0
562.1402567824255,0.9181292685990768,0.6027781568053828,1.420608125232136,1
278.31645391571857,0.2617147979832178,0.4088506178553924,1.0355402668510534,0
227.74452035006615,0.3137889924314899,0.7562561387945032,3.5037406985792665,0
240.31120055097065,0.9742555846374756,0.6870624837327457,1.171706503689844,0
207.2887302606199,0.2628792574385408,0.8610439266909161,3.0169860030446967,1
237.77718430237135,0.8689465840326213,0.7232435440023027,1.3967116319342512,0
473.2027093665427,0.5430500708032313,0.4869379696511333,3.3436478294899565,0
228.4754593840916,0.3225079669628593,0.7056699601549892,4.093204669848642,0
327.5902521175045,0.8836749111452602,0.3478430568298767,3.9123236914088007,1
537.9501243877819,0.500774729502399,0.3756821489003914,3.8281715215608303,1
209.30877429433033,0.5633356185367212,0.810086643928714,1.019839787892035,1
525.7873930355743,0.4233100324597891,0.501777564761424,0.5330862402241417,0
312.74190990935995,0.6336557662914347,0.8185423064665173,3.5248492595881897,1
247.2659310486625,0.2471714853265205,0.8401801363014506,1.9049013475923215,0
478.6948661456603,0.4519733829865846,0.8718061038951553,2.218496509376402,0
451.5771387119536,0.9724710901017588,0.9249717122570866,0.2526305546876162,1
550.9888054108212,0.3323200894310147,0.4878866984619666,1.3719246014477413,0
494.02841752155433,0.691062998087163,0.3869801364890249,0.2650143789848737,1
521.3923721539395,0.3926710578022254,0.6239788719347025,4.408010285746113,0
312.8138290285226,0.7961258131179406,0.4340551810938649,1.2926437477707995,1
270.97581751188915,0.2177862946465148,0.6409667501202096,2.8309521309077397,0
500.24590065634334,0.9728389405706902,0.7350272763794421,0.290998671239539,0
522.7338957069056,0.5084105872452753,0.7195645166429232,3.367552217397725,0
596.2020568002692,0.3124454170118176,0.4370975983181092,1.68283399419506,0
365.0470707645706,0.1661470725970114,0.2501741815288775,4.499804016092562,0
348.8072343171133,0.2527821145787867,0.4874764046159868,4.451779125776776,1
510.56518429679875,0.5677965537004159,0.2283347296737178,1.6939240299725642,0
336.32141610120715,0.4033028587881576,0.9010873316654276,4.514708388883292,1
572.3029302414259,0.8459950292943486,0.4112897146640717,4.981172600144016,1
543.3651007372048,0.4877987712956253,0.2390137725009914,4.144536754207346,1
371.5976109500074,0.3238428453288669,0.1229029839151757,4.239869604000622,0
500.34842711659894,0.655430487943627,0.6812401476578358,1.320142806934541,0
501.817149633873,0.7360994951969012,0.6732120857092689,2.9258417544030064,0
241.24954753437305,0.2503377171108549,0.4065437499231625,0.4295539784401024,1
561.0211626718267,0.2508572946594859,0.1645406999628859,0.5650978904261816,0
402.10094897914286,0.1330042842401886,0.4686660054057088,4.994573798963124,0
530.5829864430966,0.7627618135590765,0.3800957455570543,1.7005323221869637,1
328.01984041224466,0.6974240748596245,0.7094085757615084,3.766101169039348,1
558.2092913984802,0.5271677881748326,0.6452013245074213,4.052658759831401,1
355.6806714936653,0.8597534040722774,0.428134355377786,4.304314027935423,1
204.33506059211933,0.8251031376550478,0.2961032988294911,4.988378657270567,1
562.1527905677054,0.6268189279570769,0.9892323695400328,1.2833327777586525,1
236.51467071445344,0.8814441524619328,0.5086014590765034,0.2977190516125286,0
327.72545503616595,0.2852570890330914,0.7194468122022133,2.1148384381734715,1
580.024786820322,0.2007276574579551,0.2264976708205247,0.73739528216184,0
580.2428587750225,0.3427746503652906,0.537030729693458,0.2098868568940701,0
429.3751552493145,0.1513781704803833,0.1247830478825189,1.8660914529932824,0
452.73488486791973,0.5780525752009288,0.554909606119405,3.940317430268659,1
379.3782087913279,0.9429451230654652,0.967615666405932,2.8742853870028475,0
317.28430867922583,0.1354091866016586,0.4457860416872202,1.632612147130735,1
331.4658181479664,0.2098989226090241,0.1350964113174204,3.306275826914326,1
469.00738243081537,0.5069791254550917,0.1278602118274091,1.2368890835131727,0
500.949811775072,0.9404875157751144,0.4491880839521825,0.1704690857532166,1
516.6316174903394,0.3845404944790754,0.2440224428168746,3.845331593538494,0
515.8472571178215,0.5565113278195533,0.1210168866953673,3.1563411158336447,0
236.48244121947613,0.1374155731453529,0.7805922525551592,3.835282860054704,1
397.7681218810326,0.2335088808658799,0.5126707079937016,0.2907962817695615,0
223.0235040066577,0.9879671106629622,0.360320294775389,4.201886176370196,0
419.8115529294942,0.9686068267924408,0.9100748647148328,3.1356783801778865,0
376.6122005493508,0.1044459828409686,0.204525064180473,2.860637218491937,1
555.0816731033199,0.9566306068809152,0.9603269460597872,3.160608835761205,0
340.3660050208315,0.6752079440339503,0.3825700456396176,4.335722909654984,1
246.8268065710423,0.88112646506802,0.8995633050778131,2.975988882138645,1
257.19667282113437,0.5092658700704732,0.6426485888315154,2.946656861452079,0
504.6042526869889,0.5640364257213253,0.8440366237673387,4.954327869622253,0
447.2872253265044,0.5399619222312282,0.9856118468894178,3.807977818635984,1
240.4490704491161,0.700177831791494,0.3595648940368712,2.2672396467105633,1
233.64272244599897,0.2256861292806816,0.9650219368668336,3.5662453001613463,0
480.387652583648,0.1269762308854101,0.4505337054121783,2.007229311289764,0
229.1052025456774,0.3771369474320718,0.4469607142632301,1.2214897661691453,1
528.7440237161425,0.734212686462982,0.4063483938290552,3.0245741967500215,1
482.4968908625985,0.2816681069106535,0.5872668466128267,4.6480922807583624,1
232.5395122567599,0.7060891899924255,0.2387305388606383,4.652783648075768,1
233.93508563407676,0.9729208414965432,0.5983403368222101,1.7753358627169027,1
594.6558314004701,0.1845106442104765,0.5875343311690037,2.6856195844863056,0
349.7083183024481,0.7053419064026136,0.785711631344383,1.13701590299232,1
348.25685882675634,0.499375197374114,0.850284965743827,4.978592436544529,1
525.119826903001,0.8813280289397548,0.4963972152811816,4.907477748552885,0
578.8994309535435,0.2594348105026473,0.3720999244163444,3.2825937555664924,0
594.4004255291484,0.723363357003548,0.333401407585385,4.041628892419619,1
501.35127410357666,0.8543037606832992,0.2751614530343848,3.6039907902901303,1
350.5038342123663,0.950152797526621,0.1518828239791224,3.0064752732933946,0
233.4002866794675,0.7149232254606812,0.408203180951242,0.3614051852455987,1
510.8587663709747,0.5474572876075846,0.3432229229177049,2.3283452785080394,1
423.361699894322,0.6560625161810925,0.9697756472797666,3.406452880620312,0
369.6888036987905,0.8820144860308464,0.6019379436250395,3.419904908030055,1
562.5417540378944,0.6135487719749467,0.4125493351274568,1.92830083026968,0
244.47899292246052,0.1273483537271531,0.6224208408943264,4.71429073462435,0
397.0500417163437,0.93785382595628,0.2252770312111259,0.920049457960227,0
204.5414579069676,0.7205740759284051,0.4996393742819827,2.551761286456247,0
387.4642567976505,0.7088620471995218,0.6636108892789574,3.485331485099032,1
222.52131027273495,0.2941076371579454,0.5400080486132063,3.5159654488698657,0
247.52716650722877,0.6929969232093914,0.4616009205888918,3.2783308881671966,1
247.01049871084192,0.4544779650887426,0.9944635500097284,1.448912245914115,1
459.6841208464254,0.6861096793373429,0.8922832859340343,0.8654121865644477,1
498.41795170616933,0.1959337272771916,0.6610653623434961,3.2161076014508834,1
433.34750603886386,0.6920607741427324,0.6124396250640545,3.036580369083245,1
584.8690193898167,0.9994723531936,0.6585944318421256,0.9788444504172809,0
349.9482318094816,0.1433908349745004,0.2811808970401899,3.5551818132957607,0
314.2848345127443,0.9794567657991856,0.4556239689378868,2.3303427594949166,0
547.4396512757842,0.4662171646505836,0.1355135796018094,3.3720268988554496,0
289.43833540778104,0.8836781053035332,0.5279914337381441,4.203098690873738,1
585.2890157762445,0.8041469356524461,0.5887221255618968,0.9316693000269236,0
204.86178987592655,0.610314634888001,0.3049747624928886,0.1938098531844997,1
587.9515306830556,0.7646042883261939,0.9676259624489624,3.9176026733393554,1
217.26396478023045,0.8906640051712131,0.9185091498435178,3.0875173832478184,0
556.4572454792285,0.4637262894859296,0.7499289119103153,3.5282338911483966,0
411.0804436345199,0.3943298454069148,0.5800479658888263,4.206959377444348,0
597.1859184477202,0.7008340470072263,0.8829722436829165,4.0337735806400525,0
229.51862589415956,0.8270613477471327,0.2175871094411166,4.808508719951241,1
421.5417137605283,0.7860566212989542,0.8114588148473965,2.7260818863753795,1
587.7210142476396,0.8180322839727711,0.2123387325701634,2.4936286000335364,0
409.2391376680595,0.4920249833316397,0.8147895962944649,2.0692472794645775,1
451.759455254105,0.8360507945575194,0.3481908114262212,0.8530861099366023,1
478.29947559384686,0.2081881498335476,0.8893815229163701,2.9057754411219103,1
381.8164259071093,0.5900401881647646,0.949637884442858,1.4573613691972962,0
451.0232320336254,0.1051827944483094,0.2339163724646041,4.6144068098435795,1
433.72572476924006,0.3921272469102432,0.5164080445588541,2.9576349409577785,0
560.4632041963955,0.4298153813842581,0.9828886403464164,3.0049168844897403,0
218.17855213658316,0.4565554224483299,0.5350666923758319,1.8391308382973492,1
312.3852758368921,0.725920486020876,0.8771927702630906,0.3547478246907667,1
580.1645936306235,0.4497022911433112,0.6298583699181879,0.2555444503276443,0
556.1055135563665,0.5038242603602776,0.4377969171276417,2.174342206350668,1
382.2627011142851,0.3137897177868947,0.3572051999732831,0.5143703526764655,1
448.0530391206147,0.435926612466406,0.2829007819774786,3.073550082146682,0
310.95247319245306,0.3045426645368363,0.7856183722399275,4.416767727634321,0
275.24846388950454,0.1658763313915993,0.4478864561407251,4.426282600941739,0
385.4793619759929,0.6431037340432401,0.560147915980676,3.329322509647939,0
341.3408912104211,0.7013915186995147,0.5430929320010638,1.135035974217362,1
433.4624447403488,0.657541311408653,0.6195511263098181,4.328684473658473,1
231.09385478599393,0.5171446394205151,0.879019431062097,4.44185783303472,0
589.7579230664667,0.4418072021613068,0.9826654092250864,1.0636025662694977,0
594.4842977918411,0.8770002846146427,0.4668257877164352,3.713387820276319,0
479.26468560789806,0.5671736066225963,0.8447670298956728,1.5039457897429027,1
414.43854653764816,0.5312636898667579,0.7880750151892458,4.032937530529355,0
323.8110465145311,0.1230778592257921,0.6161760563100159,4.9864657095276534,1
525.5180078827794,0.4071230448635408,0.9604424292507396,0.2471274261140248,0
473.89246902155173,0.4421760569072713,0.2804270639755625,4.497092742375567,0
265.0467757379565,0.4589405028072104,0.1983377892786592,3.150889614633425,0
564.370873797537,0.6221551323045991,0.8685657702598799,4.869574833907624,1
529.0148971692677,0.5802422920541906,0.4952348349703734,2.3785466358794953,1
579.9199653167695,0.6471145835141001,0.8622719687863544,4.252200859799731,1
490.287803355344,0.7883949353879154,0.9037811846758734,0.4057309361315584,0
445.366078374316,0.8316871648444841,0.1562118342571643,1.7428673453836492,1
367.2972145162475,0.7463107686038449,0.8951182866874546,0.4283810349809288,1
573.0913933416052,0.9599713263594412,0.50348714983248,4.879181354047446,0
546.4255558001634,0.1164093244087254,0.559389240103809,4.103172145632,0
218.08746804247576,0.2762001871151915,0.6639332599838892,4.277482364105255,1
210.5467897989008,0.1068065874803279,0.933744346057078,4.696029634026082,1
350.58534675121984,0.6827272427391426,0.1172044849867876,0.5170070819869482,1
524.2213323127332,0.9082274940549884,0.5291591214860354,1.9894282033153337,1
594.9104517259777,0.3191340669186693,0.7189498381875046,0.4480709563156104,0
260.1667564414113,0.934331090316676,0.7504362619284056,1.1328861975951403,0
437.652286140854,0.1542406512606047,0.7232791883833972,1.2238923074845949,0
352.3563426524086,0.9409924241249628,0.2209916164673097,2.398625334133136,1
587.9657591258413,0.4164604185156709,0.3694560295345132,1.4159546205228488,1
536.8475692542835,0.1912787456042948,0.4228439728753121,0.5947927234070294,0
535.3314818844551,0.5372845832676931,0.8239934869115545,0.9207063365611278,0
387.4772639179881,0.3310989109484571,0.3508838851730977,0.8216502614052456,1
365.9278009350661,0.3563856117657306,0.2896344674804828,4.868076309770261,1
309.3628287722825,0.3765609684336579,0.9617032171342864,3.820533283900521,0
222.55019866037085,0.8227233080493971,0.107976956602122,4.842031179820854,0
545.8889505020213,0.5852451490077291,0.9980387701137804,2.254728383888752,0
525.160403652031,0.3801769292404032,0.7091391689716561,1.4640055601470174,1
599.8870693144522,0.6493004049798266,0.8456223695042053,4.011636666325015,1
598.6547348295621,0.7445356068008742,0.3651574567115738,1.6986441984016194,1
422.172682241051,0.3453616006601804,0.1128837499003539,1.5669785311562068,1
507.5949660722042,0.4721941913728164,0.764082566705377,1.239279361818373,1
577.9062919529713,0.2096974840032528,0.8507301373006082,0.7354269932987533,1
539.8589562709647,0.2630344145812123,0.7664285187581672,1.3566689989821534,0
298.93924069727905,0.7130060685684845,0.2285652585707547,1.84106676752205,0
380.2176541240374,0.2632945129260642,0.7780851300312722,3.402571619914079,1
251.663766060598,0.5726470453003542,0.7920305038968769,0.4065677268753127,0
581.620410903489,0.7381416355501894,0.6926864641030493,1.1314840043601806,1
442.469853780352,0.1961892307852694,0.7895043395160276,4.064215837429215,0
291.4571222013851,0.6105809976660131,0.861329295709959,0.8199174255604768,1
468.68027376234267,0.3309065053312274,0.6522437028137126,1.7789612179603558,0
447.25129618315833,0.9666341877138218,0.1797442425727111,4.336828717104886,0
343.2650872131362,0.5351910820479323,0.5388650287004898,0.859134024602869,1
245.4230368798516,0.8253932947976423,0.1698844012044445,0.5054104945291306,1
468.6292782371198,0.5952038879406356,0.4667887279291878,2.4742361758920532,0
408.1230803615173,0.1390712795693372,0.4663958402130649,1.5818556052648285,0
508.9273566942557,0.6698362380346201,0.1594088597262174,2.8607009859708854,1
408.0654004447973,0.9562630079859912,0.4139384805725313,4.0386439633690285,0
540.872600127416,0.6414506381316981,0.1998982889121833,0.7720275919484415,1
420.7627355097942,0.8372699734841111,0.8274116890083,2.9454255143159966,1
424.37518861415447,0.895785817013567,0.9529192233680236,2.5769929259103335,0
550.6614410633381,0.3052717947540392,0.1650848277321447,0.8059860514646779,1
361.3931464849588,0.290840355917404,0.9596036865625313,3.157592579092014,0
253.6060913802563,0.6498828899658925,0.5703189394030707,1.440838047517781,0
211.5130705253356,0.4699256228260342,0.3696091101584865,2.4903881608656615,1
502.0549022694476,0.8558751725800483,0.1691758677485471,0.5031343889576032,0
448.12382054138584,0.91002081105821,0.550561841263376,2.351961880346753,1
481.63190723968944,0.4180792413724463,0.8150639900416738,1.6016709934098197,1
285.1856646035643,0.3131835030770338,0.7363778295400283,4.129667934808237,1
254.5485902347079,0.8024729637194756,0.1452034103175764,0.3791957622871046,0
205.81786626715277,0.3473254319933225,0.1656116518311131,2.151175647099817,1
340.2350235226388,0.8403528866623106,0.4625859543693734,2.3463139782440465,0
435.96707474185325,0.4813644282838866,0.3657614446431489,3.652529773865682,1
356.8976180398929,0.7007949093623234,0.3091458907504431,2.914009117942034,1
374.9899688094917,0.1859817824512013,0.3529040490178422,3.3693404522514876,1
561.6634777974994,0.6614733922089157,0.8231344689671961,3.9075414996936058,0
339.3021868093201,0.5065909108635063,0.9363052482686685,4.324794570925125,0
405.5957956639243,0.6279476168579267,0.4645924250748098,1.6379899339401056,1
513.4612050964572,0.2512127869703771,0.9154999019192472,2.7363112562831247,1
358.61711292850805,0.7631863704497639,0.3893461311230938,4.216529584352079,0
448.8346800911494,0.8765173697889057,0.5287932877094125,4.948310541728777,0
544.9454834986981,0.2950658200816981,0.3034260980343998,4.45864462411444,0
579.8082494630569,0.1861430999681455,0.6764284379582596,1.9201895868594463,1
258.8293923716152,0.1212747274417027,0.981083003657328,1.056315934371387,0
570.6350500645977,0.6777743503989394,0.6431437864390408,2.498023433292285,1
396.84651723181526,0.6463846324799026,0.422032675702194,3.734043113996607,0
303.29775531958336,0.592027671442663,0.6830357013914755,2.5135884466911587,1
383.65430249530453,0.3087523865043778,0.2106286106188488,2.467586230236976,1
592.0130301141908,0.4518153963149632,0.8997931722388588,4.207329063300823,1
397.04723759714784,0.6350287016675558,0.5527755557018528,1.8708785174292133,0
331.5006441150033,0.5470901729732525,0.5044147678356778,4.312993906577064,0
453.3603417266903,0.9890069681933986,0.6272783096081672,2.0933435246634455,0
296.0582475112772,0.2227957773010598,0.6623054765104622,1.7083422178238634,1
230.3453312434656,0.7256300986428345,0.1645982256038617,2.324550564878525,1
251.55188876425967,0.4638868912938629,0.7143554991010621,3.835990097506856,0
251.21833558310897,0.4853796534330533,0.3177385122839766,0.717409936533572,1
260.7610774049177,0.7458379890923587,0.7425573692559309,1.0624541577728852,1
255.5308690597641,0.7231925361919327,0.8402813149457771,4.762079645749151,1
456.34989792128584,0.9921303943319696,0.8235626567972683,0.9599089741686512,0
272.75203375965793,0.2155548605087127,0.5972508706671003,2.8818638578621676,1
338.2669133295453,0.1936986844457497,0.568152903079676,2.938640886643496,0
558.7153639624048,0.751904935415867,0.2285883652054705,2.4991598640461996,0
389.58465610514895,0.6205482253057681,0.797811535362822,3.2592517180264116,0
467.0230954084109,0.3467445999038253,0.3442684424020429,1.2261509564083304,0
268.92794848065193,0.1714774320900879,0.5470258805361519,2.8080451121060666,0
276.91560752346834,0.1770924246367874,0.355846683634765,1.923648950709796,1
216.34744650659155,0.9047717871977063,0.2204455266997238,3.3421695721830265,0
267.5740252288658,0.2726805922468686,0.666601927202563,0.7919953625284324,0
311.43613561278346,0.3910344059039686,0.1488988313406134,2.897299342513434,0
270.8041937106987,0.3039907620042892,0.77378071071358,1.007824741378286,1
235.48101350282224,0.4194966752487435,0.385828115735005,1.4653510092636786,1
248.2543484402403,0.162481458471484,0.1001212237040368,1.171678021585558,1
384.3115072130903,0.5671538118174434,0.5600162253135068,0.995905121357204,1
282.53348736231703,0.1608513072329934,0.1421667176748428,4.145983662647268,0
345.7079444192302,0.8203208570401254,0.3485526020388095,1.4999670815383628,0
401.36690834194275,0.3103408737193897,0.7362788387101445,4.642906531135802,1
476.1579314517461,0.5860107231440596,0.1564206594596792,4.852639974191435,1
215.7248559364396,0.8920711788053124,0.8554046431204021,2.899176302691777,1
519.7641595636171,0.6857896321424748,0.1034379303927248,0.8007055010620594,1
451.16015579636314,0.5796620078962018,0.322141482281712,1.9352863925599484,0
232.70361277954876,0.391900377803838,0.7668136505368643,4.0088880904062485,1
549.431449642711,0.3997017217523781,0.3846431347563761,1.9002145706156457,1
568.3489602127253,0.7025382596783711,0.1917031492594121,0.5263843696836649,1
224.4311839419455,0.9947254250990508,0.4242105269203851,2.828246063548121,1
310.75105925888147,0.6956552708644408,0.343353957746073,4.24109217233057,1
522.4805119172245,0.6020050756330224,0.8584407119444994,4.000039297003162,1
499.30387615346336,0.7575854592153215,0.3820131258266288,0.958103386638731,1
273.8084077425509,0.5186850510553463,0.8100392245984065,3.3965466106210873,0
283.7397293346841,0.1541281083407067,0.9026849303296612,1.180470890834671,0
348.1888411165528,0.6060671342901188,0.4904356776188766,1.169216919305644,0
393.8091940764085,0.9618627560548422,0.9189488294689528,4.382951689195407,0
447.3019086121184,0.2577726481218937,0.4395862485668735,1.323377868427128,0
347.565455827909,0.7210044017385991,0.9676705748410972,1.389911997938255,0
385.01388645325915,0.2808403197931508,0.1803605720730156,0.1032016147303678,1
498.9883752535026,0.5822449160257731,0.7183173398529185,4.366278267215036,1
214.67328115623917,0.1870088046820476,0.5444326364112358,3.9837145847247606,0
300.9747777376083,0.5053338426323667,0.4488839249100823,3.1739117819443226,1
485.33983435382095,0.7805469960057214,0.6694406908737408,3.7763022433003273,0
558.0827350748798,0.4128143718150838,0.733471382470898,0.8450379803800099,1
404.67097684626646,0.6984205520384962,0.1039269426852781,2.3457856134791197,1
412.84539410612626,0.8159049647107562,0.2502577798724789,1.8209749980090264,1
242.8688045359104,0.9344600375315074,0.7417414455708868,0.5595049786593809,1
378.96494672938184,0.3111778736699082,0.6997468722203858,2.482039377553128,1
413.0469065820092,0.4593843242283774,0.9694427546158096,4.611624286678913,1
296.98820145389186,0.2371744119973757,0.7849340112257047,0.296289683348403,0
307.6972923797524,0.9932351519425376,0.9556954369582042,1.5281584761195903,0
350.91366524184906,0.9343008711318658,0.7322864513813263,1.116950587407947,1
208.02847911109055,0.5859614172525036,0.3682469877754988,1.2669186029619122,0
328.83166623327133,0.8578299649387792,0.1948284300257708,4.551329304208939,1
284.57920279861787,0.568862179544838,0.803641477010442,2.393538365748022,0
330.99894087116587,0.6612271192024838,0.6797342993283243,2.384867123405112,1
247.90485272770047,0.1802119889044149,0.1433674111539666,3.826820648030884,0
556.210912295958,0.7797433784471272,0.4240454193108804,0.8570117996241364,1
437.43698142161946,0.2149421352717113,0.9611198339358576,2.487600235090249,0
471.6409276577958,0.8434608672272755,0.5503610311391811,2.206927549193193,1
515.6684954429353,0.8038252789033473,0.4894562224177342,3.0248623836786153,0
399.3768795716229,0.7378702279686787,0.5119296446433645,4.997832745927149,1
234.76811523496949,0.1325443424722859,0.2879944516046474,3.870299581002031,1
414.8426167274191,0.3728155203507958,0.4318364537783157,2.0495419447853935,1
434.7364472083517,0.3368013129197585,0.432831930388459,4.15500995614283,0
498.175789673732,0.4241227667243672,0.1471195181687251,0.9364709802311528,0
372.6638184918718,0.1788784720874547,0.7908108656661265,0.2492720629139046,0
251.03212111822552,0.9432620407279564,0.474853988713491,1.101797025074938,1
313.5103623194898,0.5984220166411387,0.839961898134781,1.7680166249598726,0
345.23291855945405,0.3749718795922212,0.8653132010079059,2.6018457115518436,1
458.3668965326405,0.4572833653668551,0.2907946492287923,3.1141327886518795,0
428.31132186756474,0.5024822864543521,0.6916181339531157,4.561968014350667,0
342.4386903591385,0.6405349000245556,0.5250536237466835,2.598284646797243,0
594.6060995171919,0.564111484926848,0.8921410641293366,2.556250658666074,0
442.3099277427549,0.9274527758929756,0.2941666112588087,0.3461907481326124,1
294.8907166943978,0.5472671346152472,0.7100318802790397,0.2710666080154966,0
240.7129890481615,0.9929422133409814,0.6469769100274503,2.800683813390223,0
261.14365567373284,0.8662824619705861,0.3657713298146495,2.2470752049168885,1
298.38309135380325,0.2876594629216022,0.2229408132860553,4.211983935403463,1
264.2725493038223,0.9375356931795248,0.6864757844295489,0.8873299650880414,0
274.6268096205223,0.2047297580969285,0.7647377123190976,0.222361144373543,0
314.03806747753885,0.8357047376420724,0.384064609387015,2.300289962857617,1
269.3494381179019,0.4425609641289221,0.6803493436200824,1.2636449280860618,1
558.7061698505701,0.8901768884005625,0.4556178168503529,0.3431104293603035,1
232.0934982646569,0.8812510210967053,0.7418861949543559,3.650531605553382,0
409.80455582810185,0.825332860105859,0.2792937474046478,0.6468056997905126,0
364.1587307958646,0.8110273926763553,0.9011935023725568,3.0807655500380817,0
592.9514467634426,0.3742112251882367,0.3586686368190217,1.477143775817757,1
244.81556086722097,0.1728273547461269,0.4310073889805376,0.950130646739608,1
359.1422396182967,0.4626821608886453,0.1522827568723148,1.9607824623046557,1
587.7881733101476,0.2561720634878578,0.2003609910891487,4.027084303492473,0
546.2028503575921,0.7254559800122156,0.5642757124410953,2.021258526832406,1
526.8288283797119,0.411489753884007,0.3408334090551743,3.778771281134173,0
303.16113081797596,0.9780491807739234,0.8519322031679749,0.7148828543158384,1
268.3550349560263,0.6768748696107988,0.1132240497894584,3.886579956358888,0
467.4572879697724,0.8402325072709248,0.4411846438047425,1.2609732920425785,0
571.7503956510343,0.2192722054676635,0.4036109920921834,3.419226336455477,1
422.70515720557194,0.8758130340453603,0.1173948678258409,2.872329618720882,0
428.64507578796,0.9304814714620548,0.2119315591004592,4.652809114337268,1
311.99163746411364,0.5383557269370424,0.4722784074267717,1.9978803380790389,0
507.79717327677474,0.6456276439758797,0.543578126002702,0.4242094252887582,1
274.81749942300934,0.7883288208126958,0.4638607725293822,0.1938618792011392,1
329.47169456169746,0.2573547645343713,0.5778439105708845,4.15160694876649,0
370.1745754465667,0.5523094688170982,0.6356185074151134,2.671204624541018,1
403.044151473782,0.4587967249950818,0.108931439015052,3.898695853991252,0
296.96389296603206,0.2317365929460242,0.5176856435081535,1.2486854400564222,1
245.9347298956814,0.4307809800623783,0.9671493167988294,1.7909103530148456,1
444.24801697665305,0.1613550784469442,0.5671290521165938,0.2475089738354628,1
315.4522212961023,0.1232307162545383,0.7097880407130579,4.81131239041315,1
432.4952885690449,0.2216496602393405,0.3806774721251948,3.372552742833986,0
261.7450861096809,0.9668036004302564,0.7965922403374863,4.6727049300206005,1
392.456040741927,0.5945765823055152,0.7956293336885035,1.4009323964024545,1
413.03577302063434,0.969239945037898,0.5691664428887251,3.0961716950057383,0
220.72941472897077,0.4892480904971188,0.9784124409512922,3.4246498446339255,0
334.6417112775682,0.3806345197767337,0.212995193286388,1.6559935312621836,0
253.7658707755897,0.5555276765562197,0.1152528984006229,4.255735251576588,0
225.3499881891071,0.4955605197696191,0.7931423905813864,4.741091168211215,0
595.9840929559781,0.1950982158355695,0.8264399836283943,4.435790076710421,0
328.9415379898892,0.6767436832211856,0.2081865062085186,3.7214281821029256,1
523.949778341854,0.2944343642586396,0.3390245496627455,1.459576930652275,0
301.85626190550556,0.6576291594080467,0.115797127029966,1.4799186063175958,1
472.6010888895717,0.6851809831583381,0.3639777497025083,4.820465570185585,0
504.0911439558746,0.2368223678157833,0.7958276865268044,0.1503940300848909,1
438.2554962431377,0.1552146643996013,0.566164474941321,3.608644868886509,1
388.63047542006336,0.8026854274615959,0.4132860338514593,3.560606196520785,1
364.7363656589074,0.5138203813923882,0.4345653654156972,3.1511787506540077,0
339.54730661719816,0.1523474159549282,0.1012182631439213,4.951533345825642,0
571.8116576991304,0.9953796854527904,0.3698204748087123,1.628209235242254,0
532.2477631150916,0.1520025048967299,0.6818128674741374,1.7658621325869162,0
586.0107642666051,0.7255317059726979,0.9767749994347212,0.4868030744381222,1
249.71888939421788,0.9853110327370722,0.8623547442855095,2.2697108690643137,0
492.3469900814577,0.315262093794333,0.1212354681809762,1.379137778550756,1
575.3361827284151,0.2280244318184765,0.9087045442073554,1.7825948406704568,1
272.49322646626405,0.209246445480186,0.8048785719687633,4.189401772252576,0
226.59850694671096,0.372947632810836,0.8023385112138823,4.683874116284729,0
496.4482597160237,0.190941229909582,0.5121961831032144,1.0100920528254096,0
429.7892452719648,0.7229452075247187,0.4582047636590526,1.925293764611983,1
536.7315107033088,0.1560626183170564,0.3726241559498734,4.650289754365431,0
255.9089506505158,0.5584799153348108,0.1591253730589292,0.4028614573771909,1
518.1069247439561,0.9970271684676792,0.3054118271443292,0.5525665877457547,0
280.6509280190978,0.8325732425554169,0.3219432714802221,0.897675847110524,1
265.4623771462818,0.6536974944079098,0.5356693627391814,3.0165428872216866,0
265.7063191723972,0.3756282587079504,0.7726999659370246,0.8373141279293876,0
525.8298880925529,0.6615062526624746,0.526428845558152,4.843574269108594,1
466.07888827848006,0.5743373175204864,0.1520600045024445,2.28890118356675,0
409.2261699076477,0.4834750455013343,0.9620108208893836,2.5574380057158157,0
343.532193649401,0.2176393390661795,0.948451887184701,1.308627217446492,0
550.8802163252433,0.8979437937164201,0.8066705888335676,2.4077052369301946,0
356.9780429690542,0.5048061839391903,0.9921951114077984,3.343376799921357,0
526.6397757886309,0.2751602606386886,0.5900340995202367,3.78076797107481,0
375.65396342808737,0.4309834157895607,0.9664915152278856,3.793953605278574,0
350.777771769963,0.4727167772760343,0.1680445365550757,2.931666452201033,1
385.07191426784254,0.8447841060101868,0.4291126734352342,4.531362897469901,1
320.55114966565685,0.7602529425052619,0.3028431412060892,4.105298451799936,0
499.0437520705004,0.7923744042772058,0.276249775720843,3.809535762023265,0
401.0881560369917,0.1099281379857824,0.2267226540034085,0.3724670562342571,0
292.8850780587269,0.4745385983617853,0.660172277409397,0.1337020148762816,1
559.8298293098273,0.5332097364717913,0.8031896701725746,1.1409916582578177,1
353.55648854928455,0.117273049140751,0.6204685594783246,3.3512656101759166,0
417.4211444455955,0.3338318878705308,0.2322664386293887,2.1148676955244747,1
562.5888443858188,0.7842608408099215,0.8300113929401238,2.0717906705666276,0
449.69519836559687,0.2233987351560991,0.6723592364473556,4.434475752325107,0
246.75921628334564,0.5817791183073325,0.449349135514296,4.488257955846009,0
575.93284944539,0.2936816848155137,0.7067172659824567,4.55495879386257,0
451.08322122856714,0.1109086971795039,0.3339144813185495,1.638002574923634,1
333.96224586283444,0.3170813118395873,0.4106729876447894,3.486173482422383,1
255.7088290653549,0.9782863794190484,0.9257372588187912,1.4310025882444115,0
517.6100757081184,0.8213834006946906,0.3614540551042784,1.033988182064804,1
448.02910237140543,0.96361897988893,0.522989441342143,1.0046990410021093,1
413.38443679052864,0.5390686395337262,0.9011270236564132,1.776327342231611,0
557.5570332203831,0.1987625788097531,0.7369492152407747,2.206792336921126,1
515.4388844898124,0.5931635400763237,0.1559829035482325,4.171650938169835,0
260.66995189310046,0.5089396011039649,0.2325727398510733,0.6874663580162893,0
324.6888271182193,0.8599213744656543,0.1070574316947251,3.701136652234982,0
299.3956559257863,0.1882743227058201,0.6678296112062471,2.7041290795275965,0
497.5785170290708,0.5394170233196004,0.5029060828693765,1.510932179112363,1
213.41297389431176,0.2350437982245858,0.220847365812048,2.514815964210841,0
427.9558739485266,0.3922083342010539,0.9621407089510934,1.5697161419074113,1
504.9834742962762,0.7636213696490197,0.576693751551058,3.0208015806677,0
550.7062547046999,0.5284163164318899,0.3177039647016003,2.225835221990697,0
336.832699486363,0.4382994566311924,0.5505432140392368,0.9055870924865058,1
528.5029218688051,0.4550286507130318,0.711658299461597,0.671257065322914,0
244.2526947820829,0.513502091565388,0.168615296176208,2.778808842153438,1
538.5809166938072,0.8065148894533511,0.3472334335431027,4.521823863101907,1
250.99546493279297,0.9028762200462108,0.8262689417955943,1.7853926641326594,0
358.9149162241469,0.9598012178535354,0.5136983833623952,3.691700525390854,0
518.9181463118214,0.8082130476297655,0.5919194278290655,3.3274406392048586,0
259.9669709395095,0.3838662061732114,0.4895344019885224,4.664619080116457,0
291.7005580930566,0.719321235477888,0.1395099483787046,4.12280698476579,0
488.9010273572265,0.4938428116498528,0.2491748018381403,2.8763657686367687,0
488.01461461842973,0.329203559841446,0.5009874748677018,3.319449441347126,1
456.4590531541189,0.8567844214833303,0.288266918867135,4.50209368626177,1
477.57937778684,0.1345837140660925,0.1449811257937108,2.0576420444759806,0
417.0897773390385,0.9115857929218812,0.8592846976466414,1.7012940587031091,1
300.71962356278107,0.5153297181622608,0.9830732762477042,0.152974309812462,1
338.27839740156776,0.6734813291274524,0.8138285865970655,4.1501002635381745,0
272.6390867205703,0.6934185299852045,0.8684064295342003,4.024805431976488,0
563.3802245334514,0.9056059666358828,0.3177794172853408,0.6118271386907418,1
433.3567179064482,0.6730027139504866,0.9645642779618798,2.9266011675502317,0
360.340566705456,0.6525402262840556,0.2772331340080856,2.3735103210177484,1
384.8023214576531,0.1599868365046209,0.956286829325649,0.6816745679946462,0
578.9133358447261,0.5665672197506837,0.995337364569356,4.904784312597545,1
261.34056124643206,0.2351521007353375,0.7405505251714438,1.1520098485704418,1
434.49193280671886,0.7636903918493371,0.9830293586126396,0.4294474824437496,1
402.3554715537864,0.560999728731407,0.6125858016103933,3.0147521595593574,1
444.5816941738591,0.712205001287518,0.3335876048584813,3.720446717951861,0
207.2440735283362,0.1375056105421458,0.4932962970990587,0.2589728856312161,0
548.8495635776605,0.1763128144412229,0.6342048418409073,3.327716429762409,1
572.847312993445,0.744691049256414,0.1657734058243135,2.708230192162127,1
426.05327343568354,0.164875902398806,0.6601089381555215,0.6059985434877373,0
478.6603295507569,0.1641310549887327,0.983060053086065,0.9453669970371742,0
568.9997524709183,0.1108976277113987,0.2710968848053549,2.8830740568487947,1
482.89545372535946,0.960851258469532,0.813335604659545,1.5521523062151132,1
261.01561716570455,0.7637575235131062,0.9171089144016574,4.697747070391449,1
430.5153440667253,0.4179262676518578,0.9493314335381988,4.111827124471849,1
442.6860185531424,0.3668820231588897,0.9641220439649024,4.919479311916949,1
369.6522685209544,0.4147329067712646,0.5693136748493247,1.3723871108570287,0
494.57769424988913,0.7971881780630636,0.9795771171923532,4.851645800710087,1
573.7468059076059,0.6952335499633729,0.781579186420995,2.213045961978634,0
570.2274051627105,0.2666760110807211,0.2455042926132657,1.802842097037398,0
380.3357485616529,0.2566984018006759,0.529210095821173,0.3467126821498309,0
245.2952183363021,0.1885560847420576,0.7464980578348036,0.3585497635120529,1
593.9364795849337,0.6942724477312043,0.322606284237175,3.4908551541386084,0
535.5592345783737,0.7879353959995623,0.6765536651939986,2.343852072726737,0
249.86507248130675,0.3385417854925036,0.6999404311419573,1.209955967576918,0
568.336753046949,0.1188504649278215,0.2464297694277093,3.1084545009936404,0
547.9585448248513,0.1739545007287846,0.6085767812074806,1.3390047794255449,1
407.53522285042885,0.9710740313605274,0.7944642198807469,2.930395596287671,1
436.5101742979718,0.3659002997296783,0.5490060980823478,1.860122860215183,0
359.6010815480521,0.7923008330543202,0.1108928050984967,4.135405910397913,0
221.90465552881253,0.6621972119688374,0.1081346221713629,4.121411187757219,1
334.07889665836035,0.4437456756876063,0.4213264095730109,2.4390169507997665,1
521.1413794392046,0.2851185359759996,0.9335746615886038,1.8190136357415767,1
201.85280920184115,0.2092477763434658,0.3058091016432479,1.8765430031395631,0
333.3996686764577,0.65351167123498,0.6709273199845184,4.048001175774268,1
359.26747743637736,0.7971704025740092,0.2998682836239885,1.708079465708299,0
414.9582411751692,0.6795138281870176,0.3895029906935937,1.1243909311635456,0
567.9422465651041,0.5772719199242425,0.8632378806413356,0.5149728751890035,1
338.5383977463845,0.1377561010884726,0.7559752980429522,2.3867962923336012,0
338.7812807584911,0.9716398998349454,0.1858593495818895,2.4624472847072254,1
495.00049924389936,0.8188427724891171,0.4858318188877902,4.220452680974245,0
380.88717635592286,0.3635398330308682,0.126252787280738,1.1840696125857135,1
289.8419291759928,0.9819732964229656,0.5328011319427081,1.9668572409751597,0
380.9758064530773,0.6416934306726899,0.6961906105309613,4.061188120579086,0
256.34280815191994,0.6241803923865218,0.2066523612383364,4.13575569266997,1
270.5547946024893,0.7732658614865789,0.3599964450182491,1.9845942722959644,1
399.3471090957919,0.8305928092811238,0.4580529629519412,2.3497077141047367,1
367.5701798018192,0.6908307465983524,0.9275779221904448,1.5861008651614863,1
565.93836042724,0.21528617172958,0.9939295138806676,4.6695189042546295,0
344.95755964665324,0.4044407553950485,0.1404201690960543,0.6813544521337436,1
432.2353401112174,0.9352752762934448,0.7849071311458529,4.675372172707203,1
452.90571516781216,0.3021540506594667,0.4345516597621089,3.450945613993182,0
205.23778263533345,0.434950321453762,0.453212367606532,2.704703548164983,1
465.41494880668427,0.4888691946497764,0.7788384760123204,0.2600293978440298,1
271.21438674790056,0.495464490725007,0.9265837889308678,2.430421339927841,0
584.428126987782,0.651645624245073,0.9558357350522936,2.0979657145133883,1
259.4650911012452,0.9487682539702368,0.6194103274344887,0.8899721786781005,1
365.8496494908095,0.3166234406492544,0.4214090433704526,3.3164070571532194,1
234.13986723145752,0.2093512386708262,0.8087941772729014,4.8586394461046005,1
598.7497007383789,0.2777234408739436,0.3259012449360702,2.8547251742161732,1
400.87800413249704,0.8982324101883425,0.607666625950166,3.602291054575335,1
438.1540069280175,0.6812297313896855,0.4227206153723858,0.4354072175734822,0
226.830590955371,0.3573161103152441,0.6909679663370885,2.1465682795032746,1
499.98418815967113,0.8343522450717555,0.3163590216041562,0.6701565773060298,0
283.9622372382343,0.8752329967270924,0.2724336511613432,3.102699594128901,0
559.2217157762855,0.8618629048212503,0.9264151780078934,4.698562575249357,0
282.0558561928029,0.927033880275599,0.1916233146545832,3.342710889111029,0
276.2750882654666,0.3270169181560254,0.5553621169614386,0.4763349367406655,1
214.61986713923795,0.7795377358716504,0.298767504666708,1.837864404426906,1
388.8267780439997,0.514485547546726,0.1350369669931007,2.7982505592601727,1
425.9364533050466,0.8577986976010554,0.1324169364622837,2.075718005052936,0
226.28345577134095,0.7556416094454519,0.2576995948952446,4.184855651328345,1
510.2110466780042,0.7988027018497522,0.8800933190554002,4.091887923078947,1
381.315533899211,0.6905456539129643,0.354230869579324,3.0979719985057854,1
409.756107731032,0.2596858925227362,0.9554132535177662,1.929943931150256,0
376.3050987752913,0.5905242270072445,0.6234600636902742,1.3511482314398964,0
360.3052243501304,0.9862027655720572,0.4929527707918895,0.6187841592443336,1
423.8561325232872,0.943649259847407,0.6220799512025091,1.838998649084115,0
262.096098372285,0.1388563622173105,0.565028546703641,2.1245453343178258,0
272.7712521981084,0.2483333341564934,0.7828986283815926,3.411532333009961,1
544.7142484054069,0.2185558961091057,0.3542464593755671,3.3249831390581104,0
578.4461848534531,0.753381918986766,0.4177453524402721,0.4435298842421591,0
349.3237265119012,0.8360067968712506,0.9046848722799256,2.0367706456126733,1
308.2978692574215,0.2921602296796047,0.9518108618353648,0.9907164493650734,0
457.59981729560633,0.5552674236566462,0.9033024047378272,0.8683822560523479,0
363.49366843923855,0.85663272521008,0.4775031945615822,4.153780533712505,0
210.15454226413792,0.7595213902896255,0.8023289527061935,0.3053845619096619,0
262.46103894647615,0.5880134849426635,0.5287021599709889,2.1539960919203947,0
486.388891538959,0.6313129214128956,0.547785866931492,0.9241979132559393,0
463.56957676406057,0.557524492224652,0.2842120981515555,4.408718056824522,0
210.8383970013934,0.3677936061869385,0.6320172729326649,2.8294985150476726,0
288.7888647731798,0.6085197935731145,0.2675223079780131,1.2337651182465554,1
292.42991863522855,0.7199967718450816,0.3984082291604743,2.561893707115245,1
468.75709743949136,0.8859906242747269,0.8695271814579416,3.684283162545268,1
207.88421510174567,0.6726622185813232,0.2863682282897697,4.794778243705226,1
241.64343279382953,0.7850093833388422,0.1640424566560895,1.180185420802553,0
519.9664341492758,0.2440644714591157,0.1621068333515347,4.442290683433791,1
271.4178648217335,0.515401726977811,0.9467060684527971,4.6780901594207025,1
461.0984431407499,0.1083984578443839,0.5562283941656512,4.5904606682071245,0
295.27311241869063,0.3220109780694607,0.4684708646353165,3.213530348623358,0
239.77655710373807,0.7538155436017043,0.8297907229071266,3.186121206730068,0
297.2688763997816,0.9926289562144271,0.8522433351194644,2.075732102600732,0
488.9067727422637,0.1892602896284943,0.3989719298040441,3.786749623288561,0
542.2785872425143,0.4613448842751594,0.7242562517264157,2.7033406899195667,1
532.0879458267966,0.8200638718292436,0.7940105342666979,3.419446549018643,0
358.87341184738193,0.2836320711660089,0.6891856181793591,2.199443728859098,1
467.2340546282585,0.5995764543720576,0.2364355673200894,3.6843326738113817,1
281.9937181663284,0.7597641664267073,0.8882947751653513,4.139910436262291,0
317.25909210440534,0.6543869052341611,0.5851850974624079,0.817537657353799,1
558.5343274084479,0.2692222611538745,0.3542251837330034,4.181355606313717,1
205.2007694042944,0.4198461118171654,0.4827053668939245,2.7474530057725057,0
234.2034123417872,0.8054126060368575,0.1338139813590166,4.238862954542099,1
283.1545020584109,0.598803862718815,0.2150801211001758,2.213378361070972,1
210.61288154952788,0.1047066521886214,0.7889920754642747,1.957298378376872,1
272.57417403591893,0.7848916840252844,0.1000104712798295,4.58379758933439,0
433.2166243878769,0.1317802194462151,0.474909245634063,1.3307294109871666,0
368.5698202369992,0.771160404458109,0.5702591629770296,4.236640393902101,0
557.06868443079,0.2822325041487137,0.1491709780008751,2.4717008052960803,1
526.9774246953764,0.9622661321074422,0.9757703466750997,2.619067668501173,0
336.7269406791504,0.4311466761718761,0.3035127981247048,1.6114945792984718,1
303.769373372517,0.3942384547042712,0.3737788476726528,2.907906783033177,0
351.8769632669067,0.2339992452992002,0.3735482610295246,1.6935348617534356,1
436.1179770059231,0.3750437939411933,0.3073749959056149,0.2924201297840963,0
307.2254563291505,0.8889856856453805,0.1013264398776802,1.4327931661873448,0
449.6595631396536,0.9967009038645226,0.7564103146791967,0.1312573126922943,1
363.7646608764962,0.4314785774561634,0.9701609498193569,4.8939384565785975,0
420.8188723407921,0.5037495678590883,0.3018641349565406,4.832161328116762,1
374.45061165412665,0.7498638443824633,0.6967424726230802,2.036260957614295,0
317.7863038167671,0.8975762024185671,0.7677066942628435,3.6690171862642655,0
579.3813227848627,0.6337399007681057,0.8635828411814722,1.7944498822110826,1
505.4423176639043,0.4523731283600464,0.4803662773122482,3.388356469721283,1
256.045270306581,0.4713596567637613,0.3726378150763864,4.0466072109252975,1
547.3871903591651,0.7260563318471261,0.392765620620728,4.73910559899198,0
394.97247929980546,0.1028964372438508,0.7413591997886615,2.061040151663393,1
557.8208907576366,0.6576304037138566,0.8351015198550724,3.9381601164846343,0
519.9421023789262,0.4199437093972217,0.2634525709809424,1.4030494080973823,1
370.0854017876934,0.8147775981493758,0.4338469073419887,4.952628288588877,1
208.98772332804697,0.1836915758408189,0.911746177074235,0.2262710339453206,1
307.4709437539784,0.6293820402535515,0.8260241677252653,3.057291151855493,1
416.6536858643467,0.5328756008975114,0.9863725624862284,3.331579310091503,1
453.391287930459,0.6780929733147046,0.7788234337138726,3.4714232296632317,1
303.1550741732809,0.1583682350346715,0.4538756809251301,0.6898991360665362,0
255.74242962912965,0.6219854086853182,0.631574050595174,4.698795939018339,1
533.9720947197196,0.6053361291635714,0.6949128288225883,0.9877980673454058,0
593.7608722814209,0.6045940849745538,0.1706102346854115,3.1514916758752216,1
410.27607292107433,0.6431388999368093,0.5900472631934786,1.1911127877031165,1
268.6717143393214,0.708821143503726,0.7383887456253486,1.6053604434042277,1
308.9229306077476,0.8244900997126928,0.2505891736009543,2.7776468544678097,0
207.35627061898668,0.3428386481153929,0.8025685456830014,2.144247750966425,0
565.7195226241996,0.8425444691620558,0.6253955024627005,0.8851054447848808,1
247.10043315605645,0.5484301140371083,0.9569996071278352,0.9375883718621566,0
430.6065902057014,0.169352451220898,0.1381800683862025,2.1489094619977185,1
309.6220882748824,0.1526958363195812,0.3387935237999203,3.810686593549954,1
421.67120100631735,0.4008144868264547,0.6413984913698416,4.500026769554164,0
460.5681553407457,0.8064072794003208,0.3669039209853376,0.512225545070976,0
531.8967214828806,0.7369128412668242,0.742981747664118,2.0262091470410653,0
282.56850870424125,0.8097534682051658,0.7831047542697379,0.5912032622420955,0
204.3983314633922,0.5655421507974484,0.192264367659827,0.1813031550997296,1
254.7542520275229,0.4961790981599415,0.5624690177860909,3.342421544955388,0
560.0074567392421,0.2327072740356555,0.5580015000319504,3.0520022656362804,0
549.5560310250062,0.3953734782483804,0.4323526931939869,0.8987936576929425,1
438.9652408681233,0.4906174295564878,0.9396323763127048,1.2456828821560144,0
440.20674417346135,0.1797403867116555,0.844755687885899,0.2161679928581401,0
466.01466981850217,0.2985507574400901,0.727488443718673,4.191241307902578,0
270.14851144937984,0.6384027646573649,0.7428939721614978,4.8759839206379025,0
565.7647783699839,0.7620968028152708,0.5155445294318072,0.763751730293985,1
367.5082099568292,0.9985127602536548,0.9288950689869184,1.234228547449961,1
353.255411299799,0.9398019982092018,0.7251358845279569,4.355206667339977,0
407.56708211313503,0.6783086795816724,0.7560829554902347,4.639672609985306,0
218.786386710022,0.4791232479646647,0.8755218134086107,2.156174175753371,1
266.51334750243177,0.6725596282374094,0.3466644304079719,0.3480501141184632,0
495.2134465705482,0.8070864562722088,0.8263638134800327,0.2930199850948151,0
233.1194671700506,0.2065025718310486,0.2757165426608428,2.9123543437381514,0
441.26084378655526,0.4689144007266594,0.410807757020399,2.0251860335765772,0
298.1396438725284,0.8558220570720555,0.4020494088428584,0.2403968951305071,0
355.7182456167906,0.4454496567397396,0.9806729215502265,2.9579367223315285,0
315.47749470827995,0.6146850441044679,0.8708835013731342,0.1553824292862101,0
342.26908658597966,0.6289924247759784,0.7310528754312338,3.958122594931438,0
487.6183620736982,0.2660286278202754,0.7543510854538511,1.601520831246521,0
318.84868624927003,0.4260118974870596,0.605865514962314,0.2972642147452373,1
426.5618561187589,0.4010601598677389,0.9523816003976672,2.9829258828174514,1
390.42016087963987,0.1235770376788583,0.5466328775941254,2.0486536307219683,1
465.46846614505927,0.1217725875022197,0.4424659388829051,4.871622025450033,0
574.7318957299033,0.8485273393081961,0.2467318032384319,2.766573446268141,0
493.02883888410014,0.3457637289755312,0.8075850870349521,1.4486719870813407,1
285.9761514363027,0.5662708896149339,0.7609995388680323,3.5762504367064767,0
212.47325402451384,0.3688530162298957,0.4459195346717214,1.4303108124592856,1
304.90561771993004,0.9466113206038064,0.1226740725633064,4.530792127897069,0
438.03117228010194,0.3333670829791963,0.8550975949462096,1.9361376554861447,1
220.57032539370013,0.4866911314650416,0.1102761851086662,2.794355957603406,1
398.54649888049454,0.8854572254361417,0.7333298016661458,0.3478082087387214,1
438.7371395667557,0.8577402101126278,0.9732313987534512,2.187994065965931,0
333.69755632678437,0.2674912760616496,0.4938951953333831,4.178581344338875,1
508.3648814983288,0.8223789788161394,0.3114760644963575,4.047679146280376,0
242.63930125350873,0.5123681980641034,0.7343839090390435,1.1991609383822788,0
230.0551126943235,0.5346719848768197,0.8354153278140266,1.2077874479517574,0
491.2755024814413,0.2201319751743494,0.5917872844700626,4.10479602984486,0
398.1965264824794,0.1725413623814122,0.9703317477305315,4.658952258829695,0
475.3609585710944,0.7551453762763887,0.146501849492165,0.5672685142377174,0
373.9309354414985,0.5468150371197698,0.5543160384740753,2.305287333188504,0
298.56081329564273,0.4931656323536616,0.746608552590295,1.753525966924722,1
527.64092706968,0.756557405787157,0.8763764240342611,4.366373431741453,1
519.7663515875918,0.7889616090919988,0.261330050717011,0.5092720819320921,1
477.8785883417707,0.2430173509024182,0.8200031335873132,1.1345171185343834,0
308.8580548919851,0.6492026345298771,0.5974363681466908,3.7870948541738225,0
436.0922667476348,0.2218186740499169,0.4568983137909669,0.3513398600079563,0
344.38955877601074,0.7762375774261411,0.2185435257211842,2.5134233655000178,0
236.6328293306537,0.6912596406404256,0.8787661830180211,2.266324469930628,1
566.9254301848971,0.960953158975112,0.2415458873617438,1.7385657770448686,0
254.72745236758456,0.162062214720779,0.3788090732881893,2.033404345062727,1
580.094941528321,0.1513492490361289,0.3610409787661932,2.6967088759581417,0
378.4023091831823,0.3539683672238801,0.8842726307717689,0.8907000561030773,1
